Workbook
Name masterdata: 'Master Data Dapodik'!$A$3:$BN$1398

Sheet format ;
A1: NISN | B1: NIN | C1: nama | D1: tempat_lahir | E1: tanggal_lahir | F1: Rombel
A2: 0079024764 | B2: 141202501305807 | C2: =IF(A2="","",_xlfn.XLOOKUP(A2,'Master Data Dapodik'!E:E,'Master Data Dapodik'!B:B)) -> #N/A | D2: =IF(A2="","",_xlfn.XLOOKUP(A2,'Master Data Dapodik'!E:E,'Master Data Dapodik'!F:F)) -> #N/A | E2: =IF(A2="","",_xlfn.XLOOKUP(A2,'Master Data Dapodik'!E:E,'Master Data Dapodik'!G:G)) -> #N/A | F2: =IF(A2="","",_xlfn.XLOOKUP(A2,'Master Data Dapodik'!E:E,'Master Data Dapodik'!AQ:AQ)) -> #N/A
A3: 0073974572 | B3: 141202501305817 | C3: =IF(A3="","",_xlfn.XLOOKUP(A3,'Master Data Dapodik'!E:E,'Master Data Dapodik'!B:B)) -> #N/A | D3: =IF(A3="","",_xlfn.XLOOKUP(A3,'Master Data Dapodik'!E:E,'Master Data Dapodik'!F:F)) -> #N/A | E3: =IF(A3="","",_xlfn.XLOOKUP(A3,'Master Data Dapodik'!E:E,'Master Data Dapodik'!G:G)) -> #N/A | F3: =IF(A3="","",_xlfn.XLOOKUP(A3,'Master Data Dapodik'!E:E,'Master Data Dapodik'!AQ:AQ)) -> #N/A
A4: 0066514507 | B4: 141202501305904 | C4: =IF(A4="","",_xlfn.XLOOKUP(A4,'Master Data Dapodik'!E:E,'Master Data Dapodik'!B:B)) -> #N/A | D4: =IF(A4="","",_xlfn.XLOOKUP(A4,'Master Data Dapodik'!E:E,'Master Data Dapodik'!F:F)) -> #N/A | E4: =IF(A4="","",_xlfn.XLOOKUP(A4,'Master Data Dapodik'!E:E,'Master Data Dapodik'!G:G)) -> #N/A | F4: =IF(A4="","",_xlfn.XLOOKUP(A4,'Master Data Dapodik'!E:E,'Master Data Dapodik'!AQ:AQ)) -> #N/A
A5: 0076823490 | B5: 141202501305949 | C5: =IF(A5="","",_xlfn.XLOOKUP(A5,'Master Data Dapodik'!E:E,'Master Data Dapodik'!B:B)) -> #N/A | D5: =IF(A5="","",_xlfn.XLOOKUP(A5,'Master Data Dapodik'!E:E,'Master Data Dapodik'!F:F)) -> #N/A | E5: =IF(A5="","",_xlfn.XLOOKUP(A5,'Master Data Dapodik'!E:E,'Master Data Dapodik'!G:G)) -> #N/A | F5: =IF(A5="","",_xlfn.XLOOKUP(A5,'Master Data Dapodik'!E:E,'Master Data Dapodik'!AQ:AQ)) -> #N/A
A6: 0072359943 | B6: 141202501306057 | C6: =IF(A6="","",_xlfn.XLOOKUP(A6,'Master Data Dapodik'!E:E,'Master Data Dapodik'!B:B)) -> #N/A | D6: =IF(A6="","",_xlfn.XLOOKUP(A6,'Master Data Dapodik'!E:E,'Master Data Dapodik'!F:F)) -> #N/A | E6: =IF(A6="","",_xlfn.XLOOKUP(A6,'Master Data Dapodik'!E:E,'Master Data Dapodik'!G:G)) -> #N/A | F6: =IF(A6="","",_xlfn.XLOOKUP(A6,'Master Data Dapodik'!E:E,'Master Data Dapodik'!AQ:AQ)) -> #N/A
A7: 0076717429 | B7: 141202501306276 | C7: =IF(A7="","",_xlfn.XLOOKUP(A7,'Master Data Dapodik'!E:E,'Master Data Dapodik'!B:B)) -> #N/A | D7: =IF(A7="","",_xlfn.XLOOKUP(A7,'Master Data Dapodik'!E:E,'Master Data Dapodik'!F:F)) -> #N/A | E7: =IF(A7="","",_xlfn.XLOOKUP(A7,'Master Data Dapodik'!E:E,'Master Data Dapodik'!G:G)) -> #N/A | F7: =IF(A7="","",_xlfn.XLOOKUP(A7,'Master Data Dapodik'!E:E,'Master Data Dapodik'!AQ:AQ)) -> #N/A
A8: 0072891531 | B8: 141202501306565 | C8: =IF(A8="","",_xlfn.XLOOKUP(A8,'Master Data Dapodik'!E:E,'Master Data Dapodik'!B:B)) -> #N/A | D8: =IF(A8="","",_xlfn.XLOOKUP(A8,'Master Data Dapodik'!E:E,'Master Data Dapodik'!F:F)) -> #N/A | E8: =IF(A8="","",_xlfn.XLOOKUP(A8,'Master Data Dapodik'!E:E,'Master Data Dapodik'!G:G)) -> #N/A | F8: =IF(A8="","",_xlfn.XLOOKUP(A8,'Master Data Dapodik'!E:E,'Master Data Dapodik'!AQ:AQ)) -> #N/A
A9: 0134209050 | B9: 141202501306614 | C9: =IF(A9="","",_xlfn.XLOOKUP(A9,'Master Data Dapodik'!E:E,'Master Data Dapodik'!B:B)) -> #N/A | D9: =IF(A9="","",_xlfn.XLOOKUP(A9,'Master Data Dapodik'!E:E,'Master Data Dapodik'!F:F)) -> #N/A | E9: =IF(A9="","",_xlfn.XLOOKUP(A9,'Master Data Dapodik'!E:E,'Master Data Dapodik'!G:G)) -> #N/A | F9: =IF(A9="","",_xlfn.XLOOKUP(A9,'Master Data Dapodik'!E:E,'Master Data Dapodik'!AQ:AQ)) -> #N/A
A10: 0079125610 | B10: 141202501306628 | C10: =IF(A10="","",_xlfn.XLOOKUP(A10,'Master Data Dapodik'!E:E,'Master Data Dapodik'!B:B)) -> #N/A | D10: =IF(A10="","",_xlfn.XLOOKUP(A10,'Master Data Dapodik'!E:E,'Master Data Dapodik'!F:F)) -> #N/A | E10: =IF(A10="","",_xlfn.XLOOKUP(A10,'Master Data Dapodik'!E:E,'Master Data Dapodik'!G:G)) -> #N/A | F10: =IF(A10="","",_xlfn.XLOOKUP(A10,'Master Data Dapodik'!E:E,'Master Data Dapodik'!AQ:AQ)) -> #N/A
A11: 0066413303 | B11: 141202501306903 | C11: =IF(A11="","",_xlfn.XLOOKUP(A11,'Master Data Dapodik'!E:E,'Master Data Dapodik'!B:B)) -> #N/A | D11: =IF(A11="","",_xlfn.XLOOKUP(A11,'Master Data Dapodik'!E:E,'Master Data Dapodik'!F:F)) -> #N/A | E11: =IF(A11="","",_xlfn.XLOOKUP(A11,'Master Data Dapodik'!E:E,'Master Data Dapodik'!G:G)) -> #N/A | F11: =IF(A11="","",_xlfn.XLOOKUP(A11,'Master Data Dapodik'!E:E,'Master Data Dapodik'!AQ:AQ)) -> #N/A
A12: 0051602836 | B12: 141202501306954 | C12: =IF(A12="","",_xlfn.XLOOKUP(A12,'Master Data Dapodik'!E:E,'Master Data Dapodik'!B:B)) -> #N/A | D12: =IF(A12="","",_xlfn.XLOOKUP(A12,'Master Data Dapodik'!E:E,'Master Data Dapodik'!F:F)) -> #N/A | E12: =IF(A12="","",_xlfn.XLOOKUP(A12,'Master Data Dapodik'!E:E,'Master Data Dapodik'!G:G)) -> #N/A | F12: =IF(A12="","",_xlfn.XLOOKUP(A12,'Master Data Dapodik'!E:E,'Master Data Dapodik'!AQ:AQ)) -> #N/A
A13: 0073699294 | B13: 141202501307009 | C13: =IF(A13="","",_xlfn.XLOOKUP(A13,'Master Data Dapodik'!E:E,'Master Data Dapodik'!B:B)) -> #N/A | D13: =IF(A13="","",_xlfn.XLOOKUP(A13,'Master Data Dapodik'!E:E,'Master Data Dapodik'!F:F)) -> #N/A | E13: =IF(A13="","",_xlfn.XLOOKUP(A13,'Master Data Dapodik'!E:E,'Master Data Dapodik'!G:G)) -> #N/A | F13: =IF(A13="","",_xlfn.XLOOKUP(A13,'Master Data Dapodik'!E:E,'Master Data Dapodik'!AQ:AQ)) -> #N/A
... A413: 0073377720 | B413: 141202501309724 | C413: =IF(A413="","",_xlfn.XLOOKUP(A413,'Master Data Dapodik'!E:E,'Master Data Dapodik'!B:B)) -> #N/A | D413: =IF(A413="","",_xlfn.XLOOKUP(A413,'Master Data Dapodik'!E:E,'Master Data Dapodik'!F:F)) -> #N/A | E413: =IF(A413="","",_xlfn.XLOOKUP(A413,'Master Data Dapodik'!E:E,'Master Data Dapodik'!G:G)) -> #N/A | F413: =IF(A413="","",_xlfn.XLOOKUP(A413,'Master Data Dapodik'!E:E,'Master Data Dapodik'!AQ:AQ)) -> #N/A
C414: =IF(A414="","",_xlfn.XLOOKUP(A414,'Master Data Dapodik'!E:E,'Master Data Dapodik'!B:B)) | D414: =IF(A414="","",_xlfn.XLOOKUP(A414,'Master Data Dapodik'!E:E,'Master Data Dapodik'!F:F)) | E414: =IF(A414="","",_xlfn.XLOOKUP(A414,'Master Data Dapodik'!E:E,'Master Data Dapodik'!G:G)) | F414: =IF(A414="","",_xlfn.XLOOKUP(A414,'Master Data Dapodik'!E:E,'Master Data Dapodik'!AQ:AQ))
C415: =IF(A415="","",_xlfn.XLOOKUP(A415,'Master Data Dapodik'!E:E,'Master Data Dapodik'!B:B)) | D415: =IF(A415="","",_xlfn.XLOOKUP(A415,'Master Data Dapodik'!E:E,'Master Data Dapodik'!F:F)) | E415: =IF(A415="","",_xlfn.XLOOKUP(A415,'Master Data Dapodik'!E:E,'Master Data Dapodik'!G:G)) | F415: =IF(A415="","",_xlfn.XLOOKUP(A415,'Master Data Dapodik'!E:E,'Master Data Dapodik'!AQ:AQ))
C416: =IF(A416="","",_xlfn.XLOOKUP(A416,'Master Data Dapodik'!E:E,'Master Data Dapodik'!B:B)) | D416: =IF(A416="","",_xlfn.XLOOKUP(A416,'Master Data Dapodik'!E:E,'Master Data Dapodik'!F:F)) | E416: =IF(A416="","",_xlfn.XLOOKUP(A416,'Master Data Dapodik'!E:E,'Master Data Dapodik'!G:G)) | F416: =IF(A416="","",_xlfn.XLOOKUP(A416,'Master Data Dapodik'!E:E,'Master Data Dapodik'!AQ:AQ))
C417: =IF(A417="","",_xlfn.XLOOKUP(A417,'Master Data Dapodik'!E:E,'Master Data Dapodik'!B:B)) | D417: =IF(A417="","",_xlfn.XLOOKUP(A417,'Master Data Dapodik'!E:E,'Master Data Dapodik'!F:F)) | E417: =IF(A417="","",_xlfn.XLOOKUP(A417,'Master Data Dapodik'!E:E,'Master Data Dapodik'!G:G)) | F417: =IF(A417="","",_xlfn.XLOOKUP(A417,'Master Data Dapodik'!E:E,'Master Data Dapodik'!AQ:AQ))
C418: =IF(A418="","",_xlfn.XLOOKUP(A418,'Master Data Dapodik'!E:E,'Master Data Dapodik'!B:B)) | D418: =IF(A418="","",_xlfn.XLOOKUP(A418,'Master Data Dapodik'!E:E,'Master Data Dapodik'!F:F)) | E418: =IF(A418="","",_xlfn.XLOOKUP(A418,'Master Data Dapodik'!E:E,'Master Data Dapodik'!G:G)) | F418: =IF(A418="","",_xlfn.XLOOKUP(A418,'Master Data Dapodik'!E:E,'Master Data Dapodik'!AQ:AQ))
C419: =IF(A419="","",_xlfn.XLOOKUP(A419,'Master Data Dapodik'!E:E,'Master Data Dapodik'!B:B)) | D419: =IF(A419="","",_xlfn.XLOOKUP(A419,'Master Data Dapodik'!E:E,'Master Data Dapodik'!F:F)) | E419: =IF(A419="","",_xlfn.XLOOKUP(A419,'Master Data Dapodik'!E:E,'Master Data Dapodik'!G:G)) | F419: =IF(A419="","",_xlfn.XLOOKUP(A419,'Master Data Dapodik'!E:E,'Master Data Dapodik'!AQ:AQ))
C420: =IF(A420="","",_xlfn.XLOOKUP(A420,'Master Data Dapodik'!E:E,'Master Data Dapodik'!B:B)) | D420: =IF(A420="","",_xlfn.XLOOKUP(A420,'Master Data Dapodik'!E:E,'Master Data Dapodik'!F:F)) | E420: =IF(A420="","",_xlfn.XLOOKUP(A420,'Master Data Dapodik'!E:E,'Master Data Dapodik'!G:G)) | F420: =IF(A420="","",_xlfn.XLOOKUP(A420,'Master Data Dapodik'!E:E,'Master Data Dapodik'!AQ:AQ))
C421: =IF(A421="","",_xlfn.XLOOKUP(A421,'Master Data Dapodik'!E:E,'Master Data Dapodik'!B:B)) | D421: =IF(A421="","",_xlfn.XLOOKUP(A421,'Master Data Dapodik'!E:E,'Master Data Dapodik'!F:F)) | E421: =IF(A421="","",_xlfn.XLOOKUP(A421,'Master Data Dapodik'!E:E,'Master Data Dapodik'!G:G)) | F421: =IF(A421="","",_xlfn.XLOOKUP(A421,'Master Data Dapodik'!E:E,'Master Data Dapodik'!AQ:AQ))
C422: =IF(A422="","",_xlfn.XLOOKUP(A422,'Master Data Dapodik'!E:E,'Master Data Dapodik'!B:B)) | D422: =IF(A422="","",_xlfn.XLOOKUP(A422,'Master Data Dapodik'!E:E,'Master Data Dapodik'!F:F)) | E422: =IF(A422="","",_xlfn.XLOOKUP(A422,'Master Data Dapodik'!E:E,'Master Data Dapodik'!G:G)) | F422: =IF(A422="","",_xlfn.XLOOKUP(A422,'Master Data Dapodik'!E:E,'Master Data Dapodik'!AQ:AQ))
C423: =IF(A423="","",_xlfn.XLOOKUP(A423,'Master Data Dapodik'!E:E,'Master Data Dapodik'!B:B)) | D423: =IF(A423="","",_xlfn.XLOOKUP(A423,'Master Data Dapodik'!E:E,'Master Data Dapodik'!F:F)) | E423: =IF(A423="","",_xlfn.XLOOKUP(A423,'Master Data Dapodik'!E:E,'Master Data Dapodik'!G:G)) | F423: =IF(A423="","",_xlfn.XLOOKUP(A423,'Master Data Dapodik'!E:E,'Master Data Dapodik'!AQ:AQ))
C424: =IF(A424="","",_xlfn.XLOOKUP(A424,'Master Data Dapodik'!E:E,'Master Data Dapodik'!B:B)) | D424: =IF(A424="","",_xlfn.XLOOKUP(A424,'Master Data Dapodik'!E:E,'Master Data Dapodik'!F:F)) | E424: =IF(A424="","",_xlfn.XLOOKUP(A424,'Master Data Dapodik'!E:E,'Master Data Dapodik'!G:G)) | F424: =IF(A424="","",_xlfn.XLOOKUP(A424,'Master Data Dapodik'!E:E,'Master Data Dapodik'!AQ:AQ))
C425: =IF(A425="","",_xlfn.XLOOKUP(A425,'Master Data Dapodik'!E:E,'Master Data Dapodik'!B:B)) | D425: =IF(A425="","",_xlfn.XLOOKUP(A425,'Master Data Dapodik'!E:E,'Master Data Dapodik'!F:F)) | E425: =IF(A425="","",_xlfn.XLOOKUP(A425,'Master Data Dapodik'!E:E,'Master Data Dapodik'!G:G)) | F425: =IF(A425="","",_xlfn.XLOOKUP(A425,'Master Data Dapodik'!E:E,'Master Data Dapodik'!AQ:AQ))
... C1940: =IF(A1940="","",_xlfn.XLOOKUP(A1940,'Master Data Dapodik'!E:E,'Master Data Dapodik'!B:B)) | D1940: =IF(A1940="","",_xlfn.XLOOKUP(A1940,'Master Data Dapodik'!E:E,'Master Data Dapodik'!F:F)) | E1940: =IF(A1940="","",_xlfn.XLOOKUP(A1940,'Master Data Dapodik'!E:E,'Master Data Dapodik'!G:G)) | F1940: =IF(A1940="","",_xlfn.XLOOKUP(A1940,'Master Data Dapodik'!E:E,'Master Data Dapodik'!AQ:AQ))

Sheet format ,
A1: NISN | B1: NIN | C1: nama | D1: tempat_lahir | E1: tanggal_lahir | F1: Rombel
C2: (=IF(A2="","",XLOOKUP(A2,'Master Data Dapodik'!E:E,'Master Data Dapodik'!B:B)) | D2: (=IF(A2="","",XLOOKUP(A2,'Master Data Dapodik'!E:E,'Master Data Dapodik'!F:F)) | E2: (=IF(A2="","",XLOOKUP(A2,'Master Data Dapodik'!E:E,'Master Data Dapodik'!G:G)) | F2: (=IF(A2="","",XLOOKUP(A2,'Master Data Dapodik'!E:E,'Master Data Dapodik'!AQ:AQ)) | O2: cara penggunaan
O3: hapus ( paling depan lalu enter)
O4: drag kebawah diujung kolom samapi nomor terakhir

Sheet Master Data Dapodik
A1: No | B1: Nama | C1: NIPD | D1: JK | E1: NISN | F1: Tempat Lahir | G1: Tanggal Lahir | H1: NIK | I1: Agama | J1: Alamat | K1: RT | L1: RW | M1: Dusun | N1: Kelurahan | O1: Kecamatan | P1: Kode Pos | Q1: Jenis Tinggal | R1: Alat Transportasi | S1: Telepon | T1: HP | U1: E-Mail | V1: SKHUN | W1: Penerima KPS | X1: No. KPS | Y1: Data Ayah | AE1: Data Ibu | AK1: Data Wali | AQ1: Rombel Saat Ini | AR1: No Peserta Ujian Nasional | AS1: No Seri Ijazah | AT1: Penerima KIP | AU1: Nomor KIP | AV1: Nama di KIP | AW1: Nomor KKS | AX1: No Registrasi Akta Lahir | AY1: Bank | AZ1: Nomor Rekening Bank | BA1: Rekening Atas Nama | BB1: Layak PIP (usulan dari sekolah) | BC1: Alasan Layak PIP | BD1: Kebutuhan Khusus | BE1: Sekolah Asal | BF1: Anak ke-berapa | BG1: Lintang | BH1: Bujur | BI1: No KK | BJ1: Berat Badan | BK1: Tinggi Badan | BL1: Lingkar Kepala | BM1: Jml. Saudara Kandung | BN1: Jarak Rumah ke Sekolah (KM)
Y2: Nama | Z2: Tahun Lahir | AA2: Jenjang Pendidikan | AB2: Pekerjaan | AC2: Penghasilan | AD2: NIK | AE2: Nama | AF2: Tahun Lahir | AG2: Jenjang Pendidikan | AH2: Pekerjaan | AI2: Penghasilan | AJ2: NIK | AK2: Nama | AL2: Tahun Lahir | AM2: Jenjang Pendidikan | AN2: Pekerjaan | AO2: Penghasilan | AP2: NIK
